company,role,location,link,age
Iridium Communications,Software Engineer I,"Chandler, AZ",https://careers-iridium.icims.com/jobs/4644/job?utm_source=Simplify&ref=Simplify,0d
ðŸ”¥ Amazon,"System Dev Engineer I, Analytics ADC ðŸ›‚","Denver, CO",https://www.amazon.jobs/en/jobs/3066890/system-dev-engineer-i-analytics-adc?utm_source=Simplify&ref=Simplify,0d
ðŸ”¥ NVIDIA,GPU Architecture Engineer,"Santa Clara, CA, Austin, TX, Durham, NC",http://nvidia.wd5.myworkdayjobs.com/en-US/nvidiaexternalcareersite/job/US-CA-Santa-Clara/GPU-Architecture-Engineer---New-College-Grad-2025_JR2002495?utm_source=Simplify&ref=Simplify,0d
ðŸ”¥ NVIDIA,OEM Account Applications Engineer,"Santa Clara, CA",https://nvidia.wd5.myworkdayjobs.com/en-US/nvidiaexternalcareersite/job/US-CA-Santa-Clara/OEM-Account-Applications-Engineer---New-College-Grad-2025_JR2002780?utm_source=Simplify&ref=Simplify,0d
ðŸ”¥ TikTok,AI/ML Software Engineer Graduate (Data Platform TikTok BP),"San Jose, CA",https://lifeattiktok.com/search/7541178634444589319?utm_source=Simplify&ref=Simplify,0d
ðŸ”¥ Tesla,"Software Integration Engineer, Factory Firmware","Fremont, CA",https://www.tesla.com/careers/search/job/software-integration-engineer-factory-firmware-249467?utm_source=Simplify&ref=Simplify,0d
ðŸ”¥ Tesla,Kernel Software Engineer,"Palo Alto, CA",https://www.tesla.com/careers/search/job/248966?utm_source=Simplify&ref=Simplify,0d
ðŸ”¥ ByteDance,Machine Learning Graduate (eCommerce User Growth & Intelligent Marketing),"San Jose, CA",https://joinbytedance.com/search/7542657938525538578?utm_source=Simplify&ref=Simplify,0d
ðŸ”¥ ByteDance,Software Engineer Graduate (AI Applications),"San Jose, CA",https://joinbytedance.com/search/7540808448918079752?utm_source=Simplify&ref=Simplify,0d
ðŸ”¥ Microsoft,Software Engineer,Remote,https://jobs.careers.microsoft.com/global/en/job/1843258/Software-Engineer?utm_source=Simplify&ref=Simplify,0d
Abbott,Software Quality Engineer I,"Sylmar, CA",https://abbott.wd5.myworkdayjobs.com/en-US/abbottcareers/job/United-States---California---Sylmar/Software-Quality-Engineer-I_31128083-1?utm_source=Simplify&ref=Simplify,0d
Aurora,Security Software Engineer I,"Mountain View, CA",https://aurora.tech/careers/8137861002?utm_source=Simplify&ref=Simplify,0d
ðŸ”¥ NVIDIA,"Software Engineer, TensorRT Specialized Platforms ðŸŽ“","Santa Clara, CA",https://nvidia.wd5.myworkdayjobs.com/en-US/NVIDIAExternalCareerSite/job/US-CA-Santa-Clara/Software-Engineer--TensorRT-Specialized-Platforms---New-College-Grad-2025_JR2002870?utm_source=Simplify&ref=Simplify,0d
Commure,"Software Engineer, Ambient AI (Summer 2026 New Grad)","Mountain View, CA",https://www.commure.com/careers-detail?ashby_jid=0f13b112-8d8c-4fb1-ae3d-449cc36cd89e&utm_source=Simplify&ref=Simplify,1d
Commure,Software Engineer (Summer 2026 New Grad),"Mountain View, CA",https://www.commure.com/careers-detail?ashby_jid=00dbfa4a-986c-4c98-a966-47874d1ff0f8&utm_source=Simplify&ref=Simplify,1d
ðŸ”¥ Samsara,New Grad â€“ Software Engineering,SF,https://www.samsara.com/company/careers/roles/7172579?gh_jid=7172579&utm_source=Simplify&ref=Simplify,1d
Abridge,Full Stack Engineering,"San Francisco, CA",https://jobs.ashbyhq.com/abridge/55958eb5-109f-4e88-9793-ed2327fc753a?utm_source=Simplify&ref=Simplify,1d
Cape,Software Engineer,"New York, NY, Washington, DC",https://jobs.ashbyhq.com/Cape/bd280ded-4298-47de-a186-1aebd1bd94b8?utm_source=Simplify&ref=Simplify,1d
Jerry,Software Engineer I,"San Francisco, CA, Palo Alto, CA",https://jobs.ashbyhq.com/jerry.ai/3bb80177-b737-419c-8133-dd5f60a8a270?utm_source=Simplify&ref=Simplify,1d
Fidelity,Software Engineer ðŸ›‚,"Westlake, TX, Merrimack, NH",https://fmr.wd1.myworkdayjobs.com/en-US/fidelitycareers/job/Westlake-TX/XMLNAME-2026-Undergraduate---LEAP--Software-Engineer_2116586-1?utm_source=Simplify&ref=Simplify,1d
Valon,Software Engineer â€“ New Grad,"SF, NYC",https://job-boards.greenhouse.io/valon/jobs/4409152006?utm_source=Simplify&ref=Simplify,1d
ðŸ”¥ Google,Software Engineer â€“ Early Career - PhD - Infrastructure ðŸŽ“," Madison, WI, Seattle, WA, Austin, TX, LA, Raleigh, NC, San Bruno, CA, Durham, NC, Kirkland, WA, NYC, Sunnyvale, CA, Mountain View, CA, Atlanta, GA",https://www.google.com/about/careers/applications/jobs/results/88714689822761670?utm_source=Simplify&ref=Simplify,2d
Susquehanna International Group (SIG),Software Developer â€“ New Grad - Market Data - Libraries & Tools,"Ardmore, PA",https://careers-sig.icims.com/jobs/9261/job?utm_source=Simplify&ref=Simplify,2d
Citizen Health,Early Career Software Engineer,"SF, San Mateo, CA",https://jobs.ashbyhq.com/Citizen%20Health/ea388b8a-16cb-4b1b-b64f-479f0dc69764/application?utm_source=Simplify&ref=Simplify,2d
GM financial,Software Development Engineer I,"Arlington, TX, Irving, TX",https://fa-exvu-saasfaprod1.fa.ocs.oraclecloud.com/hcmUI/CandidateExperience/en/sites/CX_1/jobs/job/837?utm_source=Simplify&ref=Simplify,2d
Empirical Security,Junior Software Engineer,Remote in USA,https://jobs.ashbyhq.com/empirical-security/16bd6ff1-2bd2-4f43-9108-b1ef22ad40e3?utm_source=Simplify&ref=Simplify,2d
Susquehanna,Software Developer,"Lower Merion Township, PA",https://careers-sig.icims.com/jobs/9716/software-developer---sprc---new-grad/job?utm_source=Simplify&ref=Simplify,2d
Citizen Health,Early Career Software Engineer,"San Francisco, CA, San Mateo, CA, Remote",https://jobs.ashbyhq.com/Citizen%20Health/ea388b8a-16cb-4b1b-b64f-479f0dc69764?utm_source=Simplify&ref=Simplify,2d
Boston Scientific,Software Engineer I - Engineering - Development,"Roseville, MN",https://bostonscientific.eightfold.ai/careers/job/563602803706893?utm_source=Simplify&ref=Simplify,2d
Harvey,Software Engineer â€“ New Grad,"San Francisco, CA",https://jobs.ashbyhq.com/harvey/163860df-ae88-437d-81da-305efa554dff/application?utm_source=Simplify&ref=Simplify,2d
Chewy,Software Engineer I,"Boston, MA, Bellevue, WA",https://boards.greenhouse.io/embed/job_app?token=7178408&utm_source=Simplify&ref=Simplify,3d
ðŸ”¥ Adobe,2026 University Graduate - Software Engineer,"San Jose, CA, NYC, Lehi, UT",https://adobe.wd5.myworkdayjobs.com/external_experienced/job/New-York/XMLNAME-2026-University-Graduate---Software-Engineer_R158871?utm_source=Simplify&ref=Simplify,3d
ðŸ”¥ Adobe,2026 University Graduate - Software Engineer," Seattle, WA, SF, Austin, TX, San Jose, CA, Waltham, MA, NYC, Lehi, UT",https://adobe.wd5.myworkdayjobs.com/external_experienced/job/San-Jose/XMLNAME-2026-University-Graduate---Software-Engineer_R158684?utm_source=Simplify&ref=Simplify,3d
Zip,Software Engineer â€“ New Grad - 2026 Start,"San Francisco, CA",https://jobs.ashbyhq.com/zip/5f28357a-c95d-485a-84f9-feff64ce9fb3/application?utm_source=Simplify&ref=Simplify,3d
Zip,Software Engineer â€“ New Grad - 2026 Start,"Toronto, ON, Canada",https://jobs.ashbyhq.com/zip/ab7f23fa-a07e-4061-9400-622d56de67e4/application?utm_source=Simplify&ref=Simplify,3d
YouVersion,Associate Software Engineer,"Edmond, OK",https://jobs.lever.co/life/99fdfce1-f0d6-48f8-8ad8-b22b4d6561bf?utm_source=Simplify&ref=Simplify,3d
Lucid Software,"Junior Frontend Engineer, airfocus","Hamburg, DE",https://job-boards.greenhouse.io/lucidsoftware/jobs/5628852004?utm_source=Simplify&ref=Simplify,3d
ðŸ”¥ Apple,"Accessibility Engineer, IS&T","Sunnyvale, CA",https://jobs.apple.com/en-us/details/200615794-3956/accessibility-engineer-is-t-early-career?utm_source=Simplify&ref=Simplify,5d
Zip,Software Engineer,"San Francisco, CA",https://jobs.ashbyhq.com/zip/5f28357a-c95d-485a-84f9-feff64ce9fb3?utm_source=Simplify&ref=Simplify,5d
SMX,Software Engineer I,"Huntsville, AL",https://www.smxtech.com/careers/?gh_jid=6689584003&utm_source=Simplify&ref=Simplify,5d
Harvey,Software Engineer â€“ New Grad,"San Francisco, CA",https://jobs.ashbyhq.com/harvey/fe8e594b-f2e1-453b-8a0d-e0b0bfdf745b/application?utm_source=Simplify&ref=Simplify,6d
Nodal,Software Engineer,"Tysons Corner, VA",https://nodalexchange.pinpointhq.com/postings/7dfa5f35-8585-4681-bad7-5f26b87bdc47?utm_source=Simplify&ref=Simplify,6d
Together AI,Software Engineer â€“ New Grad,"San Francisco, CA",https://job-boards.greenhouse.io/togetherai/jobs/4835292007?utm_source=Simplify&ref=Simplify,6d
Captivation,Software Engineer 1 - Linux/Python/Bash/HTML/Cypress/Pytest/Gitlab,"Annapolis Junction, MD",https://job-boards.greenhouse.io/captivation/jobs/4892702008?utm_source=Simplify&ref=Simplify,6d
ðŸ”¥ Tesla,"Software Engineer, Communications Platform","Fremont, CA",https://www.tesla.com/careers/search/job/247062?utm_source=Simplify&ref=Simplify,7d
Vail,"Software Engineer, Test & Infrastructure I","Chicago, IL",https://jobs.lever.co/vailsys/aac4a828-c88d-4bc1-bf94-324e7ba4ddc9?utm_source=Simplify&ref=Simplify,7d
IXL Learning,Software Engineer â€“ New Grad,"Raleigh, NC",https://www.ixl.com/company/jobs?gh_jid=8128544002&utm_source=Simplify&ref=Simplify,7d
IXL Learning,Software Engineer â€“ New Grad,"San Mateo, CA",https://www.ixl.com/company/jobs?gh_jid=8128533002&utm_source=Simplify&ref=Simplify,7d
Nominal,Software Engineer â€“ New Grad,"New York, NY",https://jobs.lever.co/nominal/cc79d7f9-93b9-4410-8435-d92d2f427215/apply?utm_source=Simplify&ref=Simplify,8d
ðŸ”¥ Meta,"Software Engineer, Language - Wearables","Menlo Park, CA, New York, NY",https://www.metacareers.com/jobs/812938290909042/?utm_source=Simplify&ref=Simplify,8d
Nominal,Software Engineer ðŸ‡ºðŸ‡¸,"New York, NY, Los Angeles, CA, Austin, TX",https://jobs.lever.co/nominal/cc79d7f9-93b9-4410-8435-d92d2f427215?utm_source=Simplify&ref=Simplify,8d
ðŸ”¥ Oracle,Undergrad Cloud Engineer - Full-time Intern Conversion ðŸ›‚,"Redwood City, CA",https://careers.oracle.com/en/sites/jobsearch/job/305127?utm_source=Simplify&ref=Simplify,8d
Whatnot,"Software Engineer, Notifications Platform","San Francisco, CA, Los Angeles, CA, New York, NY",https://jobs.ashbyhq.com/whatnot/8ca77652-1248-41f4-9af1-07fc84d7f9f8?utm_source=Simplify&ref=Simplify,8d
ðŸ”¥ TikTok,Software Engineer Graduate (Video-on-Demand Algorithm),"San Jose, CA",https://lifeattiktok.com/search/7538319953965287698?utm_source=Simplify&ref=Simplify,8d
ðŸ”¥ TikTok,Software Engineer Graduate (Data Arch - E-commerce),"San Jose, CA",https://lifeattiktok.com/search/7535871317771634952?utm_source=Simplify&ref=Simplify,8d
ðŸ”¥ ByteDance,Software Engineer in ML Systems Graduate,"San Jose, CA",https://joinbytedance.com/search/7265752342699837757?utm_source=Simplify&ref=Simplify,8d
ðŸ”¥ Palantir,Software Engineer â€“ New Grad - Infrastructure,"Palo Alto, CA",https://jobs.lever.co/palantir/7d75bed5-45d8-4876-840a-2d92ea79c98d/apply?utm_source=Simplify&ref=Simplify,9d
ðŸ”¥ Palantir,Software Engineer â€“ New Grad - Production Infrastructure,"Washington, DC",https://jobs.lever.co/palantir/15844944-fb69-4b57-9531-e988650b20c6/apply?utm_source=Simplify&ref=Simplify,9d
ðŸ”¥ ByteDance,Software Engineer Graduate (Edge Platform),"San Jose, CA",https://joinbytedance.com/search/7538120693880834322?utm_source=Simplify&ref=Simplify,9d
ðŸ”¥ TikTok,Software Engineer Graduate (Commerce Ads),"San Jose, CA",https://lifeattiktok.com/search/7538213896365689096?utm_source=Simplify&ref=Simplify,9d
ðŸ”¥ TikTok,Software Engineer Graduate (Media Platform),"San Jose, CA",https://lifeattiktok.com/search/7538318336657606930?utm_source=Simplify&ref=Simplify,9d
ðŸ”¥ TikTok,Software Engineer Graduate (Foundation Platform),"San Jose, CA",https://lifeattiktok.com/search/7538325343598741767?utm_source=Simplify&ref=Simplify,9d
Robin,Associate Software Engineer (AI-Native),"Boston, MA",https://jobs.lever.co/robinpowered/5b7a72e0-480a-49b6-a4cf-78ee0c6b6ce9?utm_source=Simplify&ref=Simplify,9d
Canonical,Software Engineer - Python - Cloud ðŸ›‚,Remote in USA,https://job-boards.greenhouse.io/canonical/jobs/3257589?utm_source=Simplify&ref=Simplify,9d
ðŸ”¥ Notion,Software Engineer â€“ Early Career - Infrastructure,"San Francisco, CA, New York, NY",https://jobs.ashbyhq.com/notion/add58865-8b9f-4cf7-9720-2908ba5f4d80/application?utm_source=Simplify&ref=Simplify,10d
The Travelers Companies,Software Engineer I - Workday Programmer - Report Writer - Eib,"Hartford, CT, St Paul, MN",https://travelers.wd5.myworkdayjobs.com/External/job/MN---St-Paul/Software-Engineer-I--Workday-Programmer----Report-Writer--EIB_R-46062?utm_source=Simplify&ref=Simplify,10d
Citadel,Software Engineer â€“ University Graduate,"London, UK",https://www.citadel.com/careers/details/software-engineer-university-graduate-europe-2/?utm_source=Simplify&ref=Simplify,10d
BAE Systems,Junior Software Engineer ðŸ‡ºðŸ‡¸,"Hill AFB, UT",https://jobs.baesystems.com/global/en/job/BAE1US115338BREXTERNAL/Junior-Software-Engineer?utm_source=Simplify&ref=Simplify,11d
qode.world,Junior Software Developer,"New Jersey, NJ",https://apply.workable.com/qodeworld/j/5718A36818/?utm_source=Simplify&ref=Simplify,11d
Western Digital,New College Grad Software Engineer - Software Engineering Development - Apps ðŸŽ“,"San Jose, CA",https://jobs.smartrecruiters.com/WesternDigital/744000076460273?utm_source=Simplify&ref=Simplify,12d
Prosidian Consulting,ITSM IT Security Engineer I,"Boulder, CO",https://jobs.smartrecruiters.com/prosidianconsulting/743999691983726?utm_source=Simplify&ref=Simplify,13d
Prosidian Consulting,ITSM IT Security Engineer I,"Seattle, WA",https://jobs.smartrecruiters.com/prosidianconsulting/743999692267870?utm_source=Simplify&ref=Simplify,13d
Anduril,Early Career Software Engineer,"Washington, DC",https://boards.greenhouse.io/andurilindustries/jobs/4824369007?utm_source=Simplify&ref=Simplify,13d
Artefact,Junior Software Engineer,"London, UK",https://job-boards.greenhouse.io/artefact/jobs/8119158002?utm_source=Simplify&ref=Simplify,13d
The Travelers Companies,Software Engineer I - AWS/Node/React/AI,"Atlanta, GA",https://travelers.wd5.myworkdayjobs.com/External/job/GA---Atlanta/Software-Engineer-I--AWS-Node-React-AI-_R-46114?utm_source=Simplify&ref=Simplify,13d
The Travelers Companies,Software Engineer I - AWS/Node/React/AI,"Hartford, CT, Richardson, TX, St Paul, MN",https://travelers.wd5.myworkdayjobs.com/External/job/CT---Hartford/Software-Engineer-I--AWS-Node-React-AI-_R-46121?utm_source=Simplify&ref=Simplify,13d
Esri,Software Development Engineer I,"St. Louis, MO",https://www.esri.com/careers/4829378007?gh_jid=4829378007&utm_source=Simplify&ref=Simplify,13d
Neo Financial,Junior Software Developer,"Calgary, AB, Canada",https://ats.rippling.com/neo-financial/jobs/a2fd15b5-5bee-483e-b28f-66980dad691b?utm_source=Simplify&ref=Simplify,13d
Suno,Software Engineer â€“ Early Career,"Boston, MA, New York, NY",https://jobs.ashbyhq.com/suno/991c9785-9bd5-499a-98aa-146e8c947752/application?utm_source=Simplify&ref=Simplify,13d
Esri,Software Development Engineer I,"St. Louis, MO",https://www.esri.com/careers/4829377007?gh_jid=4829377007&utm_source=Simplify&ref=Simplify,13d
Choice Hotels,Software Engineer 1,"Scottsdale, AZ",https://choicehotels.wd5.myworkdayjobs.com/External/job/Scottsdale-AZ---Technology--Digital-Commerce-Center/Software-Engineer-1_R20319?utm_source=Simplify&ref=Simplify,13d
Anduril,Early Career Software Engineer,"Boston, MA",https://boards.greenhouse.io/andurilindustries/jobs/4824362007?utm_source=Simplify&ref=Simplify,13d
Anduril,Early Career Software Engineer,"Newport Beach, CA",https://boards.greenhouse.io/andurilindustries/jobs/4802146007?utm_source=Simplify&ref=Simplify,13d
Citadel,Software Engineer â€“ University Graduate,"London, UK",https://www.citadel.com/careers/details/software-engineer-university-graduate-europe/?utm_source=Simplify&ref=Simplify,13d
Anduril Industries,Early Career Software Engineer ðŸ‡ºðŸ‡¸,"Atlanta, GA",https://job-boards.greenhouse.io/andurilindustries/jobs/4824378007?gh_jid=4824378007&utm_source=Simplify&ref=Simplify,13d
Anduril Industries,Early Career Software Engineer ðŸ‡ºðŸ‡¸,"Washington, DC",https://job-boards.greenhouse.io/andurilindustries/jobs/4824369007?gh_jid=4824369007&utm_source=Simplify&ref=Simplify,13d
Anduril Industries,Early Career Software Engineer ðŸ‡ºðŸ‡¸,"Boston, MA",https://job-boards.greenhouse.io/andurilindustries/jobs/4824362007?gh_jid=4824362007&utm_source=Simplify&ref=Simplify,13d
KBR,Software Engineer I ðŸ‡ºðŸ‡¸,"Colorado Springs, CO",https://kbr.wd5.myworkdayjobs.com/en-US/KBR_Careers/job/Colorado-Springs-Colorado/Software-Engineer-I_R2110482?utm_source=Simplify&ref=Simplify,13d
ðŸ”¥ TikTok,Software Engineer Graduate (Recommendation Platform) - 2026 Start (BS/MS),"San Jose, CA",https://lifeattiktok.com/search/7536356589390301458?utm_source=Simplify&ref=Simplify,13d
ðŸ”¥ ByteDance,Software Engineer Graduate (Dev Infra) - 2026 Start (BS/MS),"San Jose, CA",https://joinbytedance.com/search/7536272435440716040?utm_source=Simplify&ref=Simplify,13d
AG Technologies,Hiring Entry Level Software Engineer ðŸŽ“,"Chesterfield, MO",https://jobs.smartrecruiters.com/AGTechnologies1/112718194?utm_source=Simplify&ref=Simplify,14d
AG Technologies,Hiring Entry Level Software Engineer,"San Francisco, CA",https://jobs.smartrecruiters.com/AGTechnologies1/113484514?utm_source=Simplify&ref=Simplify,14d
AG Technologies,Hiring Entry Level Software Engineer ðŸŽ“,"San Diego, CA",https://jobs.smartrecruiters.com/AGTechnologies1/743999651709482?utm_source=Simplify&ref=Simplify,14d
AG Technologies,Hiring Entry Level Software Engineer ðŸŽ“,"Dayton, OH",https://jobs.smartrecruiters.com/AGTechnologies1/743999653435829?utm_source=Simplify&ref=Simplify,14d
AG Technologies,Hiring Entry Level Software Engineer,"New York, NY",https://jobs.smartrecruiters.com/AGTechnologies1/743999655204204?utm_source=Simplify&ref=Simplify,14d
AG Technologies,Hiring Entry Level Software Engineer ðŸŽ“,"Dallas, TX",https://jobs.smartrecruiters.com/AGTechnologies1/743999653436079?utm_source=Simplify&ref=Simplify,14d
AG Technologies,Entry Level Software Engineer ðŸŽ“,"San Antonio, TX",https://jobs.smartrecruiters.com/AGTechnologies1/743999655632519?utm_source=Simplify&ref=Simplify,14d
AG Technologies,Entry Level Software Engineers ðŸŽ“,"Galveston, TX",https://jobs.smartrecruiters.com/AGTechnologies1/743999658747143?utm_source=Simplify&ref=Simplify,14d
AG Technologies,Entry Level software engineer ðŸŽ“,"Tampa, FL",https://jobs.smartrecruiters.com/AGTechnologies1/743999658568718?utm_source=Simplify&ref=Simplify,14d
AG Technologies,Hiring Entry Level Software Engineer ðŸŽ“,"Casa Grande, AZ",https://jobs.smartrecruiters.com/AGTechnologies1/743999659664711?utm_source=Simplify&ref=Simplify,14d
Verisk,Software Engineer 1,"Holmdel, NJ",https://fa-ewmy-saasfaprod1.fa.ocs.oraclecloud.com/hcmUI/CandidateExperience/en/sites/CX_1/jobs/job/2091?utm_source=Simplify&ref=Simplify,14d
Apex,Software Engineer I (ALDP),"Austin, TX",https://peak6group.wd1.myworkdayjobs.com/en-US/apexfintechsolutions/job/Austin-TX/Software-Engineer-I--ALDP-_JR103414-1?utm_source=Simplify&ref=Simplify,14d
Folia Health,Junior Software Engineer ðŸ›‚,"Boston, MA",https://job-boards.greenhouse.io/foliahealth/jobs/4013590009?utm_source=Simplify&ref=Simplify,14d
Sev1Tech,Software Developer - Entry Level ðŸ‡ºðŸ‡¸,"Fort Sill, OK",https://careers-sev1tech.icims.com/jobs/9092/software-developer---entry-level/job?utm_source=Simplify&ref=Simplify,14d
Veterans United Home Loans,Associate Software Engineer,"Remote, MO",https://veteransunited.wd1.myworkdayjobs.com/en-US/vuhl/job/Remote-MO/Associate-Software-Engineer_R5288?utm_source=Simplify&ref=Simplify,14d
BRM,Entry Level Software Engineer,"San Francisco, CA",https://jobs.ashbyhq.com/brm.ai/05cad7f7-2194-480d-8e70-7338cfd2a189?utm_source=Simplify&ref=Simplify,14d
Citadel Securities,C++ Software Engineer,"Miami, FL, London, UK",https://www.citadelsecurities.com/careers/details/c-software-engineer-4/?utm_source=Simplify&ref=Simplify,14d
ðŸ”¥ Rippling,Software Engineer - Spend Growth,"New York, NY",https://ats.rippling.com/en-CA/rippling/jobs/393b2982-14b0-4715-b6ea-a83353e95e12?utm_source=Simplify&ref=Simplify,14d
Suno,Software Engineer ðŸ›‚,"Boston, MA, New York, NY",https://jobs.ashbyhq.com/suno/991c9785-9bd5-499a-98aa-146e8c947752?utm_source=Simplify&ref=Simplify,14d
Apex Fintech Solutions,Software Engineer I - Aldp,"Austin, TX",https://peak6group.wd1.myworkdayjobs.com/apexfintechsolutions/job/Austin-TX/Software-Engineer-I--ALDP-_JR103414-1?utm_source=Simplify&ref=Simplify,14d
AG Technologies,Hiring Entry Level Software Engineer,"San Francisco, CA",https://jobs.smartrecruiters.com/AGTechnologies1/743999655719751?utm_source=Simplify&ref=Simplify,15d
Applied Intuition,Software Engineer,"Mountain View, CA",https://job-boards.greenhouse.io/appliedintuition/jobs/4592025005?gh_jid=4592025005&utm_source=Simplify&ref=Simplify,15d
AG Technologies,Entry Level Software Engineer ðŸŽ“,"Chesterfield, MO",https://jobs.smartrecruiters.com/AGTechnologies1/100730616?utm_source=Simplify&ref=Simplify,15d
AG Technologies,Hiring Entry Level Software Engineer ðŸŽ“,"Dallas, TX",https://jobs.smartrecruiters.com/AGTechnologies1/112610151?utm_source=Simplify&ref=Simplify,16d
Applied Intuition,Software Engineer - New Grad,"Mountain View, CA",https://job-boards.greenhouse.io/appliedintuition/jobs/4592025005?utm_source=Simplify&ref=Simplify,16d
Anduril Industries,Early Career Software Engineer ðŸ‡ºðŸ‡¸,"Seattle, WA",https://boards.greenhouse.io/andurilindustries/jobs/4824364007?utm_source=Simplify&ref=Simplify,16d
Anduril Industries,Early Career Software Engineer ðŸ‡ºðŸ‡¸,"Atlanta, GA",https://boards.greenhouse.io/andurilindustries/jobs/4824378007?utm_source=Simplify&ref=Simplify,16d
AG Technologies,Hiring Entry Level Software Engineer ðŸŽ“,"San Jose, CA",https://jobs.smartrecruiters.com/AGTechnologies1/743999655794970?utm_source=Simplify&ref=Simplify,16d
Prosidian Consulting,ITSM IT Security Engineer I ðŸ‡ºðŸ‡¸,"Washington, DC",https://jobs.smartrecruiters.com/prosidianconsulting/743999691677974?utm_source=Simplify&ref=Simplify,16d
Remodel Health,Junior Software Engineer,"Indianapolis, IN",https://remodelhealth.com/resources/job/?gh_jid=4880033008&utm_source=Simplify&ref=Simplify,16d
Anduril Industries,"Software Engineer, Connected Warfare ðŸ‡ºðŸ‡¸","Costa Mesa, CA",https://job-boards.greenhouse.io/andurilindustries/jobs/4776690007?gh_jid=4776690007&gh_src=&utm_source=Simplify&ref=Simplify,16d
Anduril Industries,Early Career Software Engineer ðŸ‡ºðŸ‡¸,"Costa Mesa, CA",https://job-boards.greenhouse.io/andurilindustries/jobs/4802146007?gh_jid=4802146007&gh_src=&utm_source=Simplify&ref=Simplify,16d
AG Technologies,Hiring Entry Level Software Engineer ðŸŽ“,"San Diego, CA",https://jobs.smartrecruiters.com/AGTechnologies1/743999652483007?utm_source=Simplify&ref=Simplify,16d
AG Technologies,Hiring Entry Level Software Engineer ðŸŽ“,"San Diego, CA",https://jobs.smartrecruiters.com/AGTechnologies1/743999651146019?utm_source=Simplify&ref=Simplify,16d
AG Technologies,Hiring Entry Level Software Engineer,"San Francisco, CA",https://jobs.smartrecruiters.com/AGTechnologies1/743999659380716?utm_source=Simplify&ref=Simplify,16d
AG Technologies,Hiring Entry Level Software Engineer,"San Francisco, CA",https://jobs.smartrecruiters.com/AGTechnologies1/116232946?utm_source=Simplify&ref=Simplify,16d
AG Technologies,Hiring Entry Level Software Engineer ðŸŽ“,"Flower Mound, TX",https://jobs.smartrecruiters.com/AGTechnologies1/743999659489800?utm_source=Simplify&ref=Simplify,16d
HNTB,Returning New Grad Software Engineer I,"Chicago, IL, Kansas City, MO, Overland Park, KS",https://hntb.wd5.myworkdayjobs.com/HNTB_Careers/job/Kansas-City-MO/Returning-New-Grad-Software-Engineer-I--Great-Lakes-Division--For-Current-Former-HNTB-Interns-Only_R-26770-1?utm_source=Simplify&ref=Simplify,16d
AG Technologies,Hiring Entry Level Software Engineer ðŸŽ“,"Dallas, TX",https://jobs.smartrecruiters.com/AGTechnologies1/108734797?utm_source=Simplify&ref=Simplify,16d
AG Technologies,Hiring Entry Level Software Engineer,"New York, NY",https://jobs.smartrecruiters.com/AGTechnologies1/743999655720227?utm_source=Simplify&ref=Simplify,16d
ðŸ”¥ Databricks,Software Engineer â€“ New Grad - Distributed Data Systems - 2025 Start,"Bellevue, WA, Mountain View, CA",https://boards.greenhouse.io/embed/job_app?token=6865704002&utm_source=Simplify&ref=Simplify,19d
ðŸ”¥ Databricks,Software Engineer â€“ New Grad - 2026 Start,"Mountain View, CA",https://boards.greenhouse.io/embed/job_app?token=6865698002&utm_source=Simplify&ref=Simplify,19d
Esri,Software Developer Engineer I,"West Redlands, Redlands, CA",https://www.esri.com/careers/4818461007?gh_jid=4818461007&utm_source=Simplify&ref=Simplify,19d
ðŸ”¥ TikTok,Software Engineer Graduate Social - 2026 Start,"Los Angeles, CA",https://lifeattiktok.com/search/7532626482364909842?spread=5MWH5CQ&utm_source=Simplify&ref=Simplify,20d
ðŸ”¥ TikTok,"SDET, Software Development Engineer in Test","San Jose, CA",https://lifeattiktok.com/search/7533739605041645832?spread=5MWH5CQ&utm_source=Simplify&ref=Simplify,20d
Cook Systems,Software Developer ðŸ›‚,"Nashville, TN",https://job-boards.greenhouse.io/cooksys/jobs/4872299008?utm_source=Simplify&ref=Simplify,20d
Ping Identity,Software Engineer I,"Denver, CO",https://job-boards.greenhouse.io/pingidentity/jobs/8084784002?utm_source=Simplify&ref=Simplify,20d
ðŸ”¥ Oracle,Undergrad Software Engineer ðŸ›‚,"Seattle, WA",https://careers.oracle.com/en/sites/jobsearch/job/304100?utm_source=Simplify&ref=Simplify,20d
Maxar,Forward Deployed Software Engineer I,"Herndon, VA",https://maxar.wd1.myworkdayjobs.com/en-US/Maxar/job/Herndon-VA/Forward-Deployed-Software-Engineer-I_R22647-1?utm_source=Simplify&ref=Simplify,20d
i3,Entry Level Full-Stack Software Engineer,"Huntsville, AL",https://careers-i3-corps.icims.com/jobs/4833/job?utm_source=Simplify&ref=Simplify,21d
ðŸ”¥ Roblox,Software Engineer â€“ Early Career,"San Mateo, CA",https://careers.roblox.com/jobs/7114754?gh_jid=7114754&utm_source=Simplify&ref=Simplify,21d
Five Rings,Software Developer,"New York, NY",https://job-boards.greenhouse.io/fiveringsllc/jobs/4816999008?utm_source=Simplify&ref=Simplify,21d
i3,Full-Stack Software Engineer ðŸ‡ºðŸ‡¸,"Hunstville, AL",https://careers-i3-corps.icims.com/jobs/4833/entry-level-full-stack-software-engineer/job?utm_source=Simplify&ref=Simplify,21d
Bree,Software Engineer â€“ New Graduate,"Toronto, ON, Canada",http://jobs.ashbyhq.com/bree/a337beb6-37a1-45f8-b650-602937a9adab/application?utm_source=Simplify&ref=Simplify,23d
BRM,Entry Level Software Engineer,"San Francisco, CA",https://jobs.ashbyhq.com/brm.ai/05cad7f7-2194-480d-8e70-7338cfd2a189/application?utm_source=Simplify&ref=Simplify,23d
SimIS,Junior Software Developer - Modeling & Simulation ðŸ‡ºðŸ‡¸,"Suffolk, VA",https://simisinc.applytojob.com/apply/ViiE78Quow/Junior-Software-Developer-Modeling-Simulation?utm_source=Simplify&ref=Simplify,23d
ðŸ”¥ Ramp,Software Engineer - Frontend,"New York, NY",https://jobs.ashbyhq.com/ramp/a1229aec-1105-4c47-8533-b912e732ed89?utm_source=Simplify&ref=Simplify,23d
ðŸ”¥ ByteDance,Backend Software Engineer (Customer Service Platform) - 2026 Start (BS/MS),"Seattle, WA",https://jobs.bytedance.com/en/position/7527836662400026898/detail?utm_source=Simplify&ref=Simplify,23d
ðŸ”¥ ByteDance,3D Graphics Software Engineer (PICO Foundation) - 2026 Start (BS/MS),"San Jose, CA",https://jobs.bytedance.com/en/position/7532618536427391240/detail?utm_source=Simplify&ref=Simplify,23d
ðŸ”¥ TikTok,"Software Engineer, Short Video - 2026 Start (BS/MS)","Los Angeles, CA",https://lifeattiktok.com/search/7532629935644002578?utm_source=Simplify&ref=Simplify,23d
ðŸ”¥ TikTok,Software Engineer (Ads Measurement Signal Technology) - 2026 Start (BS/MS),"San Jose, CA",https://lifeattiktok.com/search/7531161909615593735?utm_source=Simplify&ref=Simplify,23d
ðŸ”¥ TikTok,"Software Engineer, Short Video - 2026 Start (BS/MS)","Seattle, WA",https://lifeattiktok.com/search/7532626300897937682?utm_source=Simplify&ref=Simplify,23d
ðŸ”¥ TikTok,"Software Engineer, Risk and Response - 2026 Start (BS/ MS)","Seattle, WA",https://lifeattiktok.com/search/7530759738491226386?utm_source=Simplify&ref=Simplify,23d
ðŸ”¥ TikTok,"Software Engineer, Live-Foundation-Ecosystem - 2026 Start (BS/MS)","San Jose, CA",https://lifeattiktok.com/search/7532631803707738376?utm_source=Simplify&ref=Simplify,23d
ðŸ”¥ TikTok,"Software Engineer, Short Video - 2026 Start (BS/MS)","San Jose, CA",https://lifeattiktok.com/search/7532627069594224903?utm_source=Simplify&ref=Simplify,23d
ðŸ”¥ TikTok,"Software Development, Engineer in Test (Trust and Safety) - 2026 Start (BS/MS)","San Jose, CA",https://lifeattiktok.com/search/7530765464767826184?utm_source=Simplify&ref=Simplify,23d
ðŸ”¥ TikTok,Software Engineer (Monetization Technology - Ads Creative) - 2026 Start (BS/MS),"San Jose, CA",https://lifeattiktok.com/search/7532457296103295239?utm_source=Simplify&ref=Simplify,23d
ðŸ”¥ TikTok,"Software Engineer, Music - 2026 Start (BS/MS)","San Jose, CA",https://lifeattiktok.com/search/7532627066714753288?utm_source=Simplify&ref=Simplify,23d
ðŸ”¥ TikTok,"Backend Software Engineer, Trust and Safety - 2026 Start (BS/MS)","Seattle, WA",https://lifeattiktok.com/search/7530752375372466439?utm_source=Simplify&ref=Simplify,23d
MetroStar,Associate Software Developer ðŸ›‚,"Reston, VA",https://www.metrostar.com/job-post/?gh_jid=6667276003&utm_source=Simplify&ref=Simplify,23d
JPMorganChase,Software Engineer ðŸ›‚," Wilmington, DE, Austin, TX, Chicago, IL, Columbus, OH, Houston, TX, Jersey City, NJ, New York, NY, Palo Alto, CA, Plano, TX, Tampa, FL",https://jpmc.fa.oraclecloud.com/hcmUI/CandidateExperience/en/sites/CX_1001/job/210649942?utm_source=Simplify&ref=Simplify,23d
JPMorganChase,Software Engineer ðŸ›‚," Austin, TX, Chicago, IL, Columbus, OH, Houston, TX, Jersey City, NJ, New York, NY, Palo Alto, CA, Plano, TX, Tampa, FL, Wilmington, DE",https://jpmc.fa.oraclecloud.com/hcmUI/CandidateExperience/en/sites/CX_1001/job/210649912?utm_source=Simplify&ref=Simplify,23d
ðŸ”¥ TikTok,New Grad 2026: Software Engineer/Mobile Engineer Graduate (Monetization Technology - Ads Core Demonstration),"San Jose, CA",https://lifeattiktok.com/search/7532436539684702471?utm_source=Simplify&ref=Simplify,25d
Sentry,Software Engineer â€“ New Grad ðŸ›‚,"Toronto, ON, Canada",https://jobs.ashbyhq.com/sentry/143811c1-ec03-458b-9edf-32f002c818f0/application?utm_source=Simplify&ref=Simplify,27d
Sentry,Software Engineer â€“ New Grad,"San Francisco, CA",https://jobs.ashbyhq.com/sentry/96c8a4cc-23b9-4f3e-b360-38c1cc248491/application?utm_source=Simplify&ref=Simplify,27d
ðŸ”¥ Palantir,Software Engineer â€“ New Grad - Production Infrastructure,"London, UK",https://jobs.lever.co/palantir/3f4dd595-2f57-4b5f-a50a-8d3084641ef8/apply?utm_source=Simplify&ref=Simplify,27d
ðŸ”¥ Palantir,Software Engineer â€“ New Grad - Infrastructure,"London, UK",https://jobs.lever.co/palantir/9265acce-12cd-4179-8c50-55d15963532b/apply?utm_source=Simplify&ref=Simplify,27d
ðŸ”¥ Palantir,Software Engineer â€“ New Grad,"London, UK",https://jobs.lever.co/palantir/d372c805-d0cd-4a10-9522-fbecc78d6f3e/apply?utm_source=Simplify&ref=Simplify,27d
The Travelers Companies,Software Engineer I - Guidewire,"Atlanta, GA",https://travelers.wd5.myworkdayjobs.com/External/job/GA---Atlanta/Software-Engineer-I--Guidewire-_R-42652?utm_source=Simplify&ref=Simplify,27d
The Travelers Companies,Software Engineer I - Aws - React - GenAI,"Hartford, CT, St Paul, MN",https://travelers.wd5.myworkdayjobs.com/External/job/CT---Hartford/Software-Engineer-I--AWS--React--GenAI-_R-44034?utm_source=Simplify&ref=Simplify,27d
The Travelers Companies,Software Engineer I - .Net / MERN / AWS,"Sparks, MD, Hartford, CT, St Paul, MN",https://travelers.wd5.myworkdayjobs.com/External/job/MN---St-Paul/Software-Engineer-I--Net---MERN---AWS-_R-43980?utm_source=Simplify&ref=Simplify,27d
The Travelers Companies,Software Engineer I - Java - Aws - Jsf,"St Paul, MN",https://travelers.wd5.myworkdayjobs.com/External/job/MN---St-Paul/Software-Engineer-I--Java--AWS--JSF-_R-45189?utm_source=Simplify&ref=Simplify,27d
IMEG,Full Stack Software Engineer 1," Las Vegas, NV, Naperville, IL, Indianapolis, IN, Houston, TX, LA, Pasadena, CA, Phoenix, AZ, Davenport, IA",https://wd1.myworkdaysite.com/recruiting/imeg/Imeg_Careers/job/Las-Vegas-NV/Full-Stack-Software-Engineer-1--Remote-_R-14878?utm_source=Simplify&ref=Simplify,28d
ðŸ”¥ Uber,Software Engineer I - Platforms,"SF, Sunnyvale, CA",https://www.uber.com/global/en/careers/list/145880/?utm_source=Simplify&ref=Simplify,29d
Chewy,Software Engineer I,"Bellevue, WA",https://boards.greenhouse.io/embed/job_app?token=7081410&utm_source=Simplify&ref=Simplify,29d
Blue Origin,Software Development Engineer I ðŸ‡ºðŸ‡¸," Seattle, WA, Van Horn, TX, Huntsville, AL, Denver, CO, Space Coast, FL, Los Angeles, CA",https://blueorigin.wd5.myworkdayjobs.com/en-US/BlueOrigin/job/Seattle-WA/Software-Development-Engineer-I---Early-Career-2025-University-Grad_R50741?utm_source=Simplify&ref=Simplify,29d
M&T Bank,Technology Development Program - Software Engineering ðŸ›‚,"Buffalo, NY",https://mtb.wd5.myworkdayjobs.com/en-US/Campus/job/XMLNAME-2026-Technology-Development-Program---Software-Engineering_R72033?utm_source=Simplify&ref=Simplify,29d
Unify,Software Engineer ðŸ›‚,"San Francisco, CA",https://jobs.ashbyhq.com/unify/762e3fd4-7813-4da8-bb02-cc6050e3626a?utm_source=Simplify&ref=Simplify,1mo
Unify,New Grad Software Engineer,"San Francisco, CA, New York, NY",https://jobs.ashbyhq.com/unify/762e3fd4-7813-4da8-bb02-cc6050e3626a/application?utm_source=Simplify&ref=Simplify,1mo
Twitch,Software Development Engineer I - Frontend & Mobile,"San Francisco, CA",https://job-boards.greenhouse.io/twitch/jobs/8093301002?utm_source=Simplify&ref=Simplify,1mo
Amentum,Entry Level Software Engineer/Software Tester,"Fredericksburg, VA, Dahlgren, VA",https://pae.wd1.myworkdayjobs.com/en-US/amentum_careers/job/US-VA-Dahlgren/Entry-Level-Software-Engineer-Software-Tester_R0142800?utm_source=Simplify&ref=Simplify,1mo
Northslope Technologies,Forward Deployed Software Engineer â€“ New Grad,"New York, NY, London, UK",https://jobs.ashbyhq.com/northslope-technologies/7ccd126f-b127-4526-87f1-57408919c30a/application?utm_source=Simplify&ref=Simplify,1mo
Coalition,Software Engineer I,Remote in Canada,https://www.coalitioninc.com/job-posting/4560712005?utm_source=Simplify&ref=Simplify,1mo
Coalition,Software Engineer I,Remote in USA,https://www.coalitioninc.com/job-posting/4560711005?utm_source=Simplify&ref=Simplify,1mo
GM financial,Software Development Engineer I,"Arlington, TX, Fort Worth, TX, Irving, TX",https://fa-exvu-saasfaprod1.fa.ocs.oraclecloud.com/hcmUI/CandidateExperience/en/sites/CX_1/jobs/job/535?utm_source=Simplify&ref=Simplify,1mo
mthree,Junior Software Engineer," Salt Lake, UT, Houston, TX, Dalla, TX, New York, NY",https://job-boards.greenhouse.io/mthreerecruitingportal/jobs/4406180006?utm_source=Simplify&ref=Simplify,1mo
mthree,DÃ©veloppeur gÃ©nie logiciel / Junior Software Developer,"Montreal, QC",https://job-boards.greenhouse.io/mthreerecruitingportal/jobs/4374767006?utm_source=Simplify&ref=Simplify,1mo
CACI,Entry Level Software Engineer - Automated Testing,"Rochester, NY",https://caci.wd1.myworkdayjobs.com/External/job/US-NY-Rochester/Entry-Level-Software-Engineer--Automated-Testing-_314546-1?utm_source=Simplify&ref=Simplify,1mo
EvenUp,Software Engineer â€“ New Graduate,"San Francisco, CA, Toronto, ON",https://jobs.ashbyhq.com/evenup/213e42cf-903d-4578-b3b5-df187780920d/application?utm_source=Simplify&ref=Simplify,1mo
Old Mission,College Graduates - Full-Time - Junior Software Engineer,"Chicago, IL",https://www.oldmissioncapital.com/careers/?gh_jid=6602927003&utm_source=Simplify&ref=Simplify,1mo
Berkshire Hathaway Energy,Software Engineer 1/2/3/Sr,"Omaha, NE",https://fa-essf-saasfaprod1.fa.ocs.oraclecloud.com/hcmUI/CandidateExperience/en/sites/CX_1/jobs/job/10003152?utm_source=Simplify&ref=Simplify,1mo
Citadel Securities,Software Engineer â€“ University Graduate,"Miami, FL, New York, NY",https://www.citadelsecurities.com/careers/details/software-engineer-university-graduate-us/?utm_source=Simplify&ref=Simplify,1mo
Shield AI,Software Engineer I - Hardware Test,"Dallas, TX",https://jobs.lever.co/shieldai/38178f1e-34c5-481d-9914-c18a2263776f/apply?utm_source=Simplify&ref=Simplify,1mo
Ranger,Forward-Deployed Test Engineer ðŸ›‚,"San Francisco, CA",https://jobs.lever.co/ranger/38ef5184-0c8a-4980-836f-95e23e83ae7d?utm_source=Simplify&ref=Simplify,1mo
Sigma Computing,Software Engineer â€“ New Grad Program,"San Francisco, CA, New York, NY",https://job-boards.greenhouse.io/sigmacomputing/jobs/6640194003?utm_source=Simplify&ref=Simplify,1mo
Berkshire Hathaway Energy,Software Engineer 1 - Corporate Applications," Salt Lake City, UT, Las Vegas, NV, Des Moines, IA, Reno, NV, Portland, OR",https://fa-essf-saasfaprod1.fa.ocs.oraclecloud.com/hcmUI/CandidateExperience/en/sites/CX_1/jobs/job/10002320?utm_source=Simplify&ref=Simplify,1mo
The Boeing Company,Entry Level Full-Stack Software Engineer,"Aurora, CO, Chantilly, VA",https://boeing.wd1.myworkdayjobs.com/external_careers/job/USA---Aurora-CO/Entry-Level-Full-Stack-Software-Engineer_JR2025456200-1?utm_source=Simplify&ref=Simplify,1mo
Candid Health,Software Engineer New Grad,"San Francisco, CA, New York, NY, Denver, CO",https://jobs.ashbyhq.com/candidhealth/f0e529c1-b8d8-4add-aaef-23b174053b8b/application?utm_source=Simplify&ref=Simplify,1mo
Candid Health,Forward Deployed Software Engineer New Grad,"San Francisco, CA, New York, NY, Denver, CO",https://jobs.ashbyhq.com/candidhealth/8d1922f8-e89d-433e-a21f-b724eabc003b/application?utm_source=Simplify&ref=Simplify,1mo
ðŸ”¥ Palantir,Software Engineer â€“ New Grad - Infrastructure,"New York, NY",https://jobs.lever.co/palantir/4abf26b4-795c-420a-bf22-1ab98db268b4/apply?utm_source=Simplify&ref=Simplify,1mo
ðŸ”¥ Palantir,Software Engineer â€“ New Grad - Production Infrastructure,"New York, NY",https://jobs.lever.co/palantir/e1a6c138-98bf-45e2-97f7-2c70371cc38a/apply?utm_source=Simplify&ref=Simplify,1mo
ðŸ”¥ Palantir,Software Engineer â€“ New Grad - Production Infrastructure,"Seattle, WA",https://jobs.lever.co/palantir/4d5a144e-87ea-45e2-a68c-3fad590629af/apply?utm_source=Simplify&ref=Simplify,1mo
ðŸ”¥ Palantir,Software Engineer â€“ New Grad - Defense,"New York, NY",https://jobs.lever.co/palantir/0a838e66-1ab0-4fc4-b4d3-4671c0352278/apply?utm_source=Simplify&ref=Simplify,1mo
ðŸ”¥ Palantir,Software Engineer â€“ New Grad - Defense,"Washington, DC",https://jobs.lever.co/palantir/18d901fc-93bb-4d18-9f04-c72031e20d79/apply?utm_source=Simplify&ref=Simplify,1mo
ðŸ”¥ Palantir,Software Engineer â€“ New Grad - Defense,"Palo Alto, CA",https://jobs.lever.co/palantir/f362d7aa-360d-4059-ab38-f482742693b3/apply?utm_source=Simplify&ref=Simplify,1mo
ðŸ”¥ Palantir,Software Engineer â€“ New Grad,"Seattle, WA",https://jobs.lever.co/palantir/dea9d3d5-75b2-4588-b7bd-585a47b79c8c/apply?utm_source=Simplify&ref=Simplify,1mo
ðŸ”¥ Palantir,Software Engineer â€“ New Grad,"New York, NY",https://jobs.lever.co/palantir/94984771-0704-446c-88c6-91ce748f6d92/apply?utm_source=Simplify&ref=Simplify,1mo
ðŸ”¥ Palantir,Software Engineer â€“ New Grad,"Denver, CO",https://jobs.lever.co/palantir/c34b424e-caf2-455a-b104-ae1096ccca29/apply?utm_source=Simplify&ref=Simplify,1mo
ðŸ”¥ Palantir,Forward Deployed Software Engineer â€“ New Grad - US Government,"New York, NY",https://jobs.lever.co/palantir/d1ac83d0-e923-42a5-8e6d-58dd0cab25ca/apply?utm_source=Simplify&ref=Simplify,1mo
ðŸ”¥ Palantir,Forward Deployed Software Engineer â€“ New Grad - US Government,"Washington, DC",https://jobs.lever.co/palantir/cbe90327-3e6e-451c-a54c-1d3cbcef5aeb/apply?utm_source=Simplify&ref=Simplify,1mo
OpenEye,Software Engineer I - Ows,"Liberty Lake, WA",https://job-boards.greenhouse.io/openeye/jobs/8028394002?utm_source=Simplify&ref=Simplify,2mo
Sentry,Software Engineer â€“ New Grad,"San Francisco, CA",https://jobs.ashbyhq.com/sentry/90fb5dd4-410d-4672-9f40-3f11ea01c75d/application?utm_source=Simplify&ref=Simplify,2mo
7shifts,Junior Software Developer,"Saskatoon, SK",https://job-boards.greenhouse.io/7shifts/jobs/5563827004?utm_source=Simplify&ref=Simplify,2mo
Numeric,Software Engineer â€“ Early Career,"New York, NY",https://jobs.ashbyhq.com/numeric/75fb980e-623a-4b92-932b-4ff3ae6fc2e8/application?utm_source=Simplify&ref=Simplify,2mo
N1,Software Engineer (Backend Rust),"New York, NY",https://jobs.ashbyhq.com/n1/99a78724-a7eb-4801-9e75-cf4465950567?utm_source=Simplify&ref=Simplify,2mo
N1,New Grad Software Engineer (Backend Rust),"New York, NY",https://jobs.ashbyhq.com/n1/a3e25c84-0846-454a-b2fc-a356c2a713bd?utm_source=Simplify&ref=Simplify,2mo
N1,New Grad Software Engineer (Full Stack),"New York, NY",https://jobs.ashbyhq.com/n1/73724fe2-9a93-4a60-b349-4fd3d2efa94a?utm_source=Simplify&ref=Simplify,2mo
Numeric,Software Engineer â€“ Early Career,"San Francisco, CA, New York, NY",https://jobs.ashbyhq.com/numeric/f9c9e075-7799-414f-8601-f770c0cd9061/application?utm_source=Simplify&ref=Simplify,2mo
ðŸ”¥ TikTok,Product Manager Ads Measurement Graduate (Measurement Signal and Privacy Product),"San Jose, CA",https://lifeattiktok.com/search/7538903496654407943?utm_source=Simplify&ref=Simplify,8d
ðŸ”¥ TikTok,Product Manager Ads Attribution and Measurement Graduate (Measurement Signal and Privacy Product),"San Jose, CA",https://lifeattiktok.com/search/7538896306908252434?utm_source=Simplify&ref=Simplify,8d
ðŸ”¥ Databricks,Associate Product Manager â€“ New Grad - 2026 Start,"San Francisco, CA, Bellevue, WA, Mountain View, CA",https://boards.greenhouse.io/embed/job_app?token=7586263002&utm_source=Simplify&ref=Simplify,16d
ðŸ”¥ TikTok,Product Manager (TikTok-Product-Social and Creation) - 2025 Start (BS/MS),"San Jose, CA",https://lifeattiktok.com/search/7400808756194461961?utm_source=Simplify&ref=Simplify,23d
WSP,Early Career Data Scientist,"Seattle, WA",https://emit.fa.ca3.oraclecloud.com/hcmUI/CandidateExperience/en/sites/CX_2001/jobs/job/72552?utm_source=Simplify&ref=Simplify,0d
Hewlett Packard Enterprise,AI and Machine Learning Engineer I Graduate,"Spring, TX",https://hpe.wd5.myworkdayjobs.com/Jobsathpe/job/Spring-Texas-United-States-of-America/AI-and-Machine-Learning-Engineer-I-Graduate_1192917-1?utm_source=Simplify&ref=Simplify,0d
Allen Control Systems,"Computer Vision & Machine Learning, Junior","Austin, TX",https://job-boards.greenhouse.io/allencontrolsystems/jobs/4685229008?utm_source=Simplify&ref=Simplify,1d
Susquehanna International Group (SIG),Software Developer â€“ New Grad - Sprc,"Ardmore, PA",https://careers-sig.icims.com/jobs/9716/job?utm_source=Simplify&ref=Simplify,2d
ðŸ”¥ Google,Software Engineer â€“ Early Career - PhD - AI/Machine Learning ðŸŽ“," Madison, WI, Seattle, WA, Raleigh, NC, San Bruno, CA, Durham, NC, Kirkland, WA, NYC, Sunnyvale, CA, Mountain View, CA, Atlanta, GA",https://www.google.com/about/careers/applications/jobs/results/122258040807137990?utm_source=Simplify&ref=Simplify,2d
Celonis,Associate Value Engineer (Industrial Engineering & AI Applications) ðŸ›‚,"New York, NY",https://job-boards.greenhouse.io/celonis/jobs/6691702003?utm_source=Simplify&ref=Simplify,2d
Celonis,Associate Value Engineer (AI for Supply Chain) ðŸ›‚,"New York, NY",https://job-boards.greenhouse.io/celonis/jobs/6690522003?utm_source=Simplify&ref=Simplify,2d
Perr & Knight,Associate AI Developer," Charlotte, NC, Boca Raton, FL, Santa Monica, CA, Newark, NJ",https://jobs.lever.co/perrknight/b47e39ce-e26f-48aa-b53a-f93c87544101?utm_source=Simplify&ref=Simplify,2d
Together AI,Machine Learning / Research Engineer,"San Francisco, CA",https://job-boards.greenhouse.io/togetherai/jobs/4835315007?utm_source=Simplify&ref=Simplify,2d
TD Bank,Machine Learning Engineer I,"Toronto, ON, Canada",https://td.wd3.myworkdayjobs.com/TD_Bank_Careers/job/Toronto-Ontario/Machine-Learning-Engineer-I_R_1441131?utm_source=Simplify&ref=Simplify,3d
Toyota Connected,Machine Learning Engineer â€“ Entry Level,"Plano, TX",https://boards.greenhouse.io/embed/job_app?token=8133318002&utm_source=Simplify&ref=Simplify,6d
Cellular Sales,Junior Data Engineer,"Knoxville, TN",https://careers-cellularsales.icims.com/jobs/19001/job?utm_source=Simplify&ref=Simplify,6d
Cellular Sales,Junior Data Engineer,"Knoxville, TN",https://careers-cellularsales.icims.com/jobs/19001/junior-data-engineer/job?utm_source=Simplify&ref=Simplify,7d
Citadel Securities,Machine Learning Researcher ðŸŽ“,"Miami, FL, New York, NY",https://www.citadelsecurities.com/careers/details/machine-learning-researcher-phd-graduate-us/?utm_source=Simplify&ref=Simplify,8d
Applied Intuition,Research Engineer â€“ New Grad ðŸŽ“,"Mountain View, CA",https://boards.greenhouse.io/appliedintuition/jobs/4489207005?utm_source=Simplify&ref=Simplify,8d
Housecall Pro,Graduate AI Solutions Specialist,"Denver, CO",https://www.housecallpro.com/careers/open-positions/?gh_jid=5620132004&utm_source=Simplify&ref=Simplify,9d
Chord Energy,Junior Data Engineer Azure,"Houston, TX",https://chordenergy.wd1.myworkdayjobs.com/external/job/Houston-TX---Corporate/Junior-Data-Engineer-Azure_R0002251-1?utm_source=Simplify&ref=Simplify,9d
ðŸ”¥ Pinterest,Machine Learning Engineer I - Monetization Engineering,"Palo Alto, CA, Seattle, WA, San Francisco, CA",https://www.pinterestcareers.com/job-form?gh_jid=7172308&utm_source=Simplify&ref=Simplify,9d
Harris,Junior Computational Linguist," VA, WI, AZ, TN, MI, MA, MO, CO, NM, Remote, London, UK",https://harriscomputer.wd3.myworkdayjobs.com/en-US/1/job/Virginia-United-States/Junior-Computational-Linguist_R0031051-4?utm_source=Simplify&ref=Simplify,11d
ðŸ”¥ TikTok,Machine Learning Engineer Graduate (Monetization Technology - TikTok Ads Creative & Ecosystem) - 2026 Start (BS/MS),"San Jose, CA",https://lifeattiktok.com/search/7535606471191824647?utm_source=Simplify&ref=Simplify,13d
ðŸ”¥ ByteDance,Software Engineer Graduate (Applied Machine Learning - Enterprise) - 2026 Start (BS/MS),"San Jose, CA",https://joinbytedance.com/search/7532538236133902599?utm_source=Simplify&ref=Simplify,13d
ðŸ”¥ ByteDance,Software Engineer Graduate (Applied Machine Learning - MLDev) - 2026 Start (BS/MS),"San Jose, CA",https://joinbytedance.com/search/7535233571066349842?utm_source=Simplify&ref=Simplify,13d
Blue Origin,Machine Learning Engineer/Scientist I â€“ Early Career 2025 University Grad,"Seattle, WA, Kent, WA",https://blueorigin.wd5.myworkdayjobs.com/blueorigin/job/Seattle-WA/Machine-Learning-Engineer-Scientist-I---Early-Career-2025-University-Grad_R54164?utm_source=Simplify&ref=Simplify,14d
Applied Intuition,Research Scientist - New Grad,"Mountain View, CA",https://job-boards.greenhouse.io/appliedintuition/jobs/4489211005?utm_source=Simplify&ref=Simplify,16d
Analytical Mechanics Associates,AI/ML Research Associate ðŸ‡ºðŸ‡¸,"Hampton, VA, Remote",https://amainc.wd12.myworkdayjobs.com/en-US/ama_careers/job/Hampton-VA/AI-ML-Research-Associate_R-100359?utm_source=Simplify&ref=Simplify,16d
ðŸ”¥ Databricks,Data Scientist,"Mountain View, CA, San Francisco, CA",https://www.databricks.com/company/careers/university-recruiting/data-scientist---new-grad-2026-start-6866554002?gh_jid=6866554002&utm_source=Simplify&ref=Simplify,16d
ðŸ”¥ Tesla,"Machine Learning Engineer, Model Optimization & Deployment, Optimus","Palo Alto, CA",https://www.tesla.com/careers/search/job/247659?utm_source=Simplify&ref=Simplify,19d
ðŸ”¥ TikTok,Machine Learning Engineer - Search E-Commerce,"Seattle, WA",https://lifeattiktok.com/search/7534641634584185095?spread=5MWH5CQ&utm_source=Simplify&ref=Simplify,20d
ðŸ”¥ NVIDIA,"Research Scientist, Robotics Research","Seattle, WA",https://nvidia.wd5.myworkdayjobs.com/en-US/NVIDIAExternalCareerSite/job/US-WA-Seattle/Research-Scientist--Robotics-Research---New-College-Grad-2025_JR2001017?utm_source=Simplify&ref=Simplify,20d
ðŸ”¥ TikTok,Machine Learning Engineer â€“ University Graduate - E-Commerce Risk Control - Phd ðŸŽ“,"Seattle, WA",https://lifeattiktok.com/search/7389784303494580490?utm_source=Simplify&ref=Simplify,20d
ðŸ”¥ TikTok,Machine Learning Engineer â€“ University Graduate - E-Commerce Recommendation/Search Alliance - Phd ðŸŽ“,"Seattle, WA",https://lifeattiktok.com/search/7374538073428478259?utm_source=Simplify&ref=Simplify,20d
ðŸ”¥ TikTok,"Research Scientist - CV/NLP/Multimodal LLM, Trust and Safety - 2026 Start (BS/MS)","Seattle, WA",https://lifeattiktok.com/search/7530771170938865928?utm_source=Simplify&ref=Simplify,23d
ðŸ”¥ TikTok,Machine Learning Engineer (Lead Ads Technology) - 2026 Start (BS/MS),"San Jose, CA",https://lifeattiktok.com/search/7532240517976721671?utm_source=Simplify&ref=Simplify,23d
ðŸ”¥ TikTok,Software Engineer (Ads ML Infrastructure) - 2026 Start (BS/MS),"San Jose, CA",https://lifeattiktok.com/search/7531158600791705874?utm_source=Simplify&ref=Simplify,23d
Qualtrics,Machine Learning Engineer ðŸ›‚,"Seattle, WA",https://www.qualtrics.com/careers/us/en/job/QUALUS6580294EXTERNALENUS/Machine-Learning-Engineer?utm_source=Simplify&ref=Simplify,23d
ðŸ”¥ TikTok,New Grad 2026: Machine Learning Engineer (Commerce Ads),"San Jose, CA",https://lifeattiktok.com/search/7531158608336242962?utm_source=Simplify&ref=Simplify,25d
ðŸ”¥ TikTok,New Grad 2026: Machine Learning/Research Engineer (Ads Core Global),"San Jose, CA",https://lifeattiktok.com/search/7532349111480273159?spread=5MWH5CQ&utm_source=Simplify&ref=Simplify,25d
The Travelers Companies,Software Engineer I - Artificial Intelligence in Underwriting,"Hartford, CT, St Paul, MN",https://travelers.wd5.myworkdayjobs.com/External/job/MN---St-Paul/Software-Engineer-I---Artificial-Intelligence-in-Underwriting_R-45455?utm_source=Simplify&ref=Simplify,27d
SHEIN,Big Data Engineer I ðŸŽ“,"San Diego, CA",https://job-boards.greenhouse.io/shein/jobs/4825893008?utm_source=Simplify&ref=Simplify,29d
LMI,Junior Data Analyst - TS/SCI Required,"Washington, DC",https://careers-lmi.icims.com/jobs/12942/junior-data-analyst---ts-sci-required/job?utm_source=Simplify&ref=Simplify,29d
Spotify,Associate Machine Learning Engineer,"New York, NY",https://jobs.lever.co/spotify/21c24edb-f625-4895-ad23-5a6320d54813?utm_source=Simplify&ref=Simplify,29d
ðŸ”¥ Lyft,PhD New Grad - Data Scientist - Algo - Inference - Driver Incentives ðŸŽ“,"Toronto, ON, Canada",https://app.careerpuck.com/job-board/lyft/job/8089317002?gh_jid=8089317002&utm_source=Simplify&ref=Simplify,1mo
ðŸ”¥ Pinterest,Machine Learning Engineer I,"San Francisco, CA, Remote in USA",https://www.pinterestcareers.com/job-form?gh_jid=6864992&utm_source=Simplify&ref=Simplify,1mo
Verisk,Junior Data Scientist,"London, UK, Norwich, UK",https://fa-ewmy-saasfaprod1.fa.ocs.oraclecloud.com/hcmUI/CandidateExperience/en/sites/CX_1/jobs/job/1749?utm_source=Simplify&ref=Simplify,1mo
BlackRock,"Associate, Quantitative Modeler","New York, NY",https://blackrock.wd1.myworkdayjobs.com/en-US/blackrock_professional/job/New-York-NY/Associate--Quantitative-Modeler_R250300?utm_source=Simplify&ref=Simplify,7d
Prudential Financial,"PGIM Quantitative Solutions, Portfolio Management Investment Associate","Newark, NJ",https://pru.wd5.myworkdayjobs.com/en-US/careers/job/Newark-NJ-USA/PGIM-Quantitative-Solutions--Portfolio-Management-Investment-Associate--Hybrid-_R-121848-1?utm_source=Simplify&ref=Simplify,7d
Citadel Securities,Quantitative Researcher â€“ PhD Graduate ðŸŽ“,"Miami, FL, New York, NY",https://www.citadelsecurities.com/careers/details/quantitative-researcher-phd-graduate-us/?utm_source=Simplify&ref=Simplify,8d
Edgehog Trading,C++ Software Developer â€“ Trading Strategy Execution,"Chicago, IL",https://ats.rippling.com/en-CA/edgehog-trading/jobs/a39cf004-d79c-4588-9a5f-6bdce04a85ee?utm_source=Simplify&ref=Simplify,9d
Hudson River Trading,Algorithm Developer (Quant Researcher) â€“ 2026 Grads,"New York, NY",https://www.hudsonrivertrading.com/hrt-job/algorithm-developer-quant-researcher-2026-grads/?utm_source=Simplify&ref=Simplify,13d
Trexquant,Quantitative Researcher,"Stamford, CT",https://apply.workable.com/trexquant/j/A634E0E3F4/?utm_source=Simplify&ref=Simplify,21d
Old Mission,College Graduates - Full-Time - Junior Quantitative Trader,"London, UK",https://www.oldmissioncapital.com/careers/?gh_jid=6602928003&utm_source=Simplify&ref=Simplify,1mo
Old Mission,College Graduates - Full-Time - Junior Quantitative Trader,"Chicago, IL",https://www.oldmissioncapital.com/careers/?gh_jid=6602920003&utm_source=Simplify&ref=Simplify,1mo
Akuna Capital,Junior Quantitative Developer & Strategist,"Chicago, IL",https://www.akunacapital.com/job-details?gh_jid=7063563&utm_source=Simplify&ref=Simplify,1mo
Citadel Securities,Quantitative Research Analyst â€“ University Graduate,"London, UK, Paris, France, Dublin, Ireland",https://www.citadelsecurities.com/careers/details/quantitative-research-analyst-university-graduate-europe/?utm_source=Simplify&ref=Simplify,1mo
Citadel Securities,Quantitative Trader â€“ University Graduate,"Miami, FL, New York, NY",https://www.citadelsecurities.com/careers/details/quantitative-trader-university-graduate-us/?utm_source=Simplify&ref=Simplify,1mo
Citadel,Quantitative Research Analyst â€“ University Graduate,"London, UK, Paris, France, Dublin, Ireland",https://www.citadel.com/careers/details/quantitative-research-analyst-university-graduate-europe/?utm_source=Simplify&ref=Simplify,1mo
Citadel Securities,Quantitative Research Analyst â€“ University Graduate,"Miami, FL, New York, NY",https://www.citadelsecurities.com/careers/details/quantitative-research-analyst-university-graduate-us/?utm_source=Simplify&ref=Simplify,1mo
Citadel,Quantitative Research Engineer â€“ University Graduate,"Miami, FL, New York, NY",https://www.citadel.com/careers/details/quantitative-research-engineer-university-graduate-us/?utm_source=Simplify&ref=Simplify,1mo
North Atlantic Industries,Software Engineer I,"Long Island, New York",https://recruiting.paylocity.com/Recruiting/Jobs/Details/3535138?utm_source=Simplify&ref=Simplify,0d
Generac,Hardware Engineer I,"Waukesha, WI",https://generac.wd5.myworkdayjobs.com/en-US/external/job/Waukesha-WI---USA/Hardware-Engineer-I_JR8765-1?utm_source=Simplify&ref=Simplify,0d
ðŸ”¥ Google,Software Engineer â€“ Early Career - PhD - Embedded Systems and Firmware ðŸŽ“," Seattle, WA, LA, Raleigh, NC, Durham, NC, Kirkland, WA, NYC, Sunnyvale, CA, Mountain View, CA, Atlanta, GA",https://www.google.com/about/careers/applications/jobs/results/96957711316329158?utm_source=Simplify&ref=Simplify,2d
Ciena,Optical Network Embedded Software Engineer â€“ New Grad,"Ottawa, ON, Canada",https://ciena.wd5.myworkdayjobs.com/Careers/job/Ottawa/Optical-Network-Embedded-Software-Engineer---New-Grad_R028715?utm_source=Simplify&ref=Simplify,5d
Blue Origin,Autonomy Systems Engineer I ðŸ‡ºðŸ‡¸,"Seattle, WA",https://blueorigin.wd5.myworkdayjobs.com/en-US/BlueOrigin/job/Seattle-WA/Autonomy-Systems-Engineer-I---Early-Career_R54558-1?utm_source=Simplify&ref=Simplify,6d
Hewlett Packard Enterprise,Mechanical/Hardware Engineer I Graduate,"Eau Claire, WI",https://hpe.wd5.myworkdayjobs.com/Jobsathpe/job/Chippewa-Falls-Wisconsin-United-States-of-America/Mechanical-Hardware-Engineer-I-Graduate_1192929-1?utm_source=Simplify&ref=Simplify,6d
Hewlett Packard Enterprise,Mechanical/Hardware Engineer I Graduate,"Eau Claire, WI",https://hpe.wd5.myworkdayjobs.com/Jobsathpe/job/Chippewa-Falls-Wisconsin-United-States-of-America/Mechanical-Hardware-Engineer-I-Graduate_1192943-1?utm_source=Simplify&ref=Simplify,6d
Hewlett Packard Enterprise,Mechanical/Hardware Engineer I Graduate,"Eau Claire, WI",https://hpe.wd5.myworkdayjobs.com/Jobsathpe/job/Chippewa-Falls-Wisconsin-United-States-of-America/Mechanical-Hardware-Engineer-I-Graduate_1192926?utm_source=Simplify&ref=Simplify,6d
Electric Boat,Entry Level Embedded Software Engineer-Ship Control,"Groton, CT",https://careers-gdeb.icims.com/jobs/15852/job?utm_source=Simplify&ref=Simplify,7d
Hewlett Packard Enterprise,Electrical/Hardware Engineer I,"Houston, TX",https://hpe.wd5.myworkdayjobs.com/Jobsathpe/job/Houston-Texas-United-States-of-America/Electrical-Hardware-Engineer-I_1192941-1?utm_source=Simplify&ref=Simplify,13d
Sev1Tech,Software Developer â€“ Entry Level,"Lawton, OK",https://careers-sev1tech.icims.com/jobs/9092/job?utm_source=Simplify&ref=Simplify,13d
KBR,Software Engineer I,"Colorado Springs, CO",https://kbr.wd5.myworkdayjobs.com/KBR_Careers/job/Colorado-Springs-Colorado/Software-Engineer-I_R2110482?utm_source=Simplify&ref=Simplify,13d
ðŸ”¥ Amazon,"Robotics Systems Engineer, Amazon Robotics Deployment Engineering","Austin, TX, Seattle, WA, North Reading, MA",https://www.amazon.jobs/en/jobs/3054843/robotics-systems-engineer-amazon-robotics-deployment-engineering?utm_source=Simplify&ref=Simplify,13d
Blue Origin,Avionics Software Engineer 1 â€“ Early Career 2025 University Grad,"Kent, WA, Huntsville, AL",https://blueorigin.wd5.myworkdayjobs.com/blueorigin/job/Seattle-WA/Avionics-Software-Engineer-1---Early-Career-2025-University-Grad_R54112?utm_source=Simplify&ref=Simplify,14d
"Becton, Dickinson and Company",Software Engineer I,"Sparks, MD",https://bdx.wd1.myworkdayjobs.com/en-US/EXTERNAL_CAREER_SITE_USA/job/USA-MD---Sparks---7-Loveton-Circle/Software-Engineer-I----Hybrid-_R-523411-1?utm_source=Simplify&ref=Simplify,14d
Applied Intuition,Embedded Software Engineer - New Grad,"Mountain View, CA",https://job-boards.greenhouse.io/appliedintuition/jobs/4592027005?utm_source=Simplify&ref=Simplify,16d
Anduril Industries,"Air Dominance & Strike - Flight Software Engineer, Embedded C/C++ ðŸ›‚","Costa Mesa, CA",https://job-boards.greenhouse.io/andurilindustries/jobs/4164476007?gh_jid=4164476007&gh_src=&utm_source=Simplify&ref=Simplify,16d
Lumafield,Embedded Systems Engineer ðŸ›‚,"Boston, MA, Everett, MA",https://jobs.lever.co/lumafield/0bdaed8e-3234-4073-afa6-410d1362fe25?utm_source=Simplify&ref=Simplify,19d
Leidos,Software Developer â€“ Entry level,"Lawton, OK",https://leidos.wd5.myworkdayjobs.com/External/job/Fort-Sill-OK/Software-Developer---Entry-level_R-00164213?utm_source=Simplify&ref=Simplify,20d
Blue Origin,Intern Conversion: â€“ Early Career - Avionics Software Engineer I," Seattle, WA, Washington, DC, LA, Cape Canaveral, FL, Phoenix, AZ, Denver, CO, Huntsville, AL, Van Horn, TX",https://blueorigin.wd5.myworkdayjobs.com/blueorigin/job/Seattle-WA/Intern-Conversion---Early-Career--Avionics-Software-Engineer-I_R54003?utm_source=Simplify&ref=Simplify,21d
CACI,Entry Level DSP Software Engineer,"Rochester, NY",https://caci.wd1.myworkdayjobs.com/External/job/US-NY-Rochester/Entry-Level-DSP-Software-Engineer_314488-1?utm_source=Simplify&ref=Simplify,1mo
Cadence Design Systems,C++ Software Engineer â€“ New College Grad,"Burlington, MA",https://cadence.wd1.myworkdayjobs.com/en-US/External_Careers/job/Burlington-MA/C---Software-Engineer--New-College-Grad--Burlington--MA---Greater-Boston-_R50666?utm_source=Simplify&ref=Simplify,2mo
ðŸ”¥ Google,Silicon Development Engineer â€“ University Graduate - Frontend - PhD ðŸŽ“,"Madison, WI, Sunnyvale, CA",https://www.google.com/about/careers/applications/jobs/results/108642933007098566?utm_source=Simplify&ref=Simplify,2mo
Sierra Nevada Coporation,Systems Security Engineer I,"Lone Tree, CO",https://snc.wd1.myworkdayjobs.com/snc_external_career_site/job/Lone-Tree-CO/Systems-Security-Engineer-I_R0028118?utm_source=Simplify&ref=Simplify,1d
The Travelers Companies,Cybersecurity Engineer I,"Hartford, CT, St Paul, MN",https://travelers.wd5.myworkdayjobs.com/External/job/CT---Hartford/Cybersecurity-Engineer-I_R-46472?utm_source=Simplify&ref=Simplify,2d
Celonis,Associate Value Engineer (Management Consulting for AI Implementation) ðŸ›‚,"New York, NY",https://job-boards.greenhouse.io/celonis/jobs/6691703003?utm_source=Simplify&ref=Simplify,2d
Sierra Nevada Coporation,Cybersecurity Engineer I,"Sparks, NV",https://snc.wd1.myworkdayjobs.com/snc_external_career_site/job/Sparks-NV/Cybersecurity-Engineer-I_R0027494?utm_source=Simplify&ref=Simplify,7d
ðŸ”¥ TikTok,Special Project Strategist Graduate (TikTok Shop - Operations),"San Jose, CA",https://lifeattiktok.com/search/7538571931517159698?utm_source=Simplify&ref=Simplify,8d
ðŸ”¥ ByteDance,Cloud Network Engineer Graduate(Physical Network Infra),"San Jose, CA",https://joinbytedance.com/search/7538114876280817927?utm_source=Simplify&ref=Simplify,9d
ðŸ”¥ ByteDance,Network Engineer Graduate (Physical Network Infra),"Seattle, WA",https://joinbytedance.com/search/7538109046751463688?utm_source=Simplify&ref=Simplify,9d
ðŸ”¥ ByteDance,Network Engineer Graduate (Physical Network Infra),"San Jose, CA",https://joinbytedance.com/search/7538106304578963730?utm_source=Simplify&ref=Simplify,9d
ðŸ”¥ ByteDance,Cloud Network Engineer Graduate(Physical Network Infra),"Seattle, WA",https://joinbytedance.com/search/7538433821165259015?utm_source=Simplify&ref=Simplify,9d
ðŸ”¥ ByteDance,Site Reliability Engineer Graduate (Data Infrastructure),"Seattle, WA",https://joinbytedance.com/search/7535903852755814674?utm_source=Simplify&ref=Simplify,9d
Chime,Product Security Engineer,"San Francisco, CA",https://job-boards.greenhouse.io/chime/jobs/8101747002?utm_source=Simplify&ref=Simplify,9d
ðŸ”¥ ByteDance,Network Engineer Graduate (Edge Network) - 2026 Start (BS/ MS),"San Jose, CA",https://joinbytedance.com/search/7537121677185534216?utm_source=Simplify&ref=Simplify,13d
ðŸ”¥ TikTok,Product Security Engineer - Security Assurance,"Seattle, WA",https://lifeattiktok.com/search/7533712518582503687?spread=5MWH5CQ&utm_source=Simplify&ref=Simplify,20d
Goldman Sachs,New Analyst,"New York, NY",https://higher.gs.com/roles/150845?utm_source=Simplify&ref=Simplify,1mo
